INSERT INTO Peers (Nickname, Birthday)
VALUES ('amatilda', '1993-08-01'),
       ('kraios', '1993-03-11'),
       ('jbelinda', '1965-01-02'),
       ('ennisp', '2002-06-05'),
       ('obamab', '1955-10-30'),
       ('gurhnick', '1993-07-12'),
       ('updogwhats', '1998-06-25'),
       ('lestermoe', '2000-05-13'),
       ('jasshugh', '2002-07-15'),
       ('mckockiner', '1993-03-18'),
       ('mcboatface', '1991-10-01');

INSERT INTO Tasks (Title, ParentTask, MaxXP)
VALUES ('C2_SimpleBashUtils', NULL, 250),
       ('C3_s21_string+', 'C2_SimpleBashUtils', 500),
       ('C4_s21_math', 'C2_SimpleBashUtils', 300),
       ('C5_s21_decimal', 'C4_s21_math', 350),
       ('C6_s21_matrix', 'C5_s21_decimal', 200),
       ('C7_SmartCalc_v1.0', 'C6_s21_matrix', 500),
       ('C8_3DViewer_v1.0', 'C7_SmartCalc_v1.0', 750),
       ('DO1_Linux', 'C3_s21_string+', 300),
       ('DO2_Linux Network', 'DO1_Linux', 250),
       ('DO3_LinuxMonitoring v1.0', 'DO2_Linux Network', 350),
       ('DO4_LinuxMonitoring v2.0', 'DO3_LinuxMonitoring v1.0', 350),
       ('DO5_SimpleDocker', 'DO3_LinuxMonitoring v1.0', 300),
       ('DO6_CICD', 'DO5_SimpleDocker', 300),
       ('CPP1_s21_matrix+', 'C8_3DViewer_v1.0', 300),
       ('CPP2_s21_containers', 'CPP1_s21_matrix+', 350),
       ('CPP3_SmartCalc_v2.0', 'CPP2_s21_containers', 600),
       ('CPP4_3DViewer_v2.0', 'CPP3_SmartCalc_v2.0', 750),
       ('CPP5_3DViewer_v2.1', 'CPP4_3DViewer_v2.0', 600),
       ('CPP6_3DViewer_v2.2', 'CPP4_3DViewer_v2.0', 800),
       ('CPP7_MLP', 'CPP4_3DViewer_v2.0', 700),
       ('CPP8_PhotoLab_v1.0', 'CPP4_3DViewer_v2.0', 450),
       ('CPP9_MonitoringSystem', 'CPP4_3DViewer_v2.0', 1000),
       ('SQL1_Bootcamp', 'C8_3DViewer_v1.0', 1500),
       ('SQL2_Info21 v1.0', 'SQL1_Bootcamp', 500),
       ('SQL3_RetailAnalitycs v1.0', 'SQL2_Info21 v1.0',600),
       ('A1_Maze', 'CPP4_3DViewer_v2.0', 300),
       ('A2_SimpleNavigator v1.0', 'A1_Maze', 400),
       ('A3_Parallels', 'A2_SimpleNavigator v1.0', 300),
       ('A4_Crypto', 'A2_SimpleNavigator v1.0', 350),
       ('A5_s21_memory', 'A2_SimpleNavigator v1.0', 400),
       ('A6_Transactions', 'A2_SimpleNavigator v1.0', 700),
       ('A7_DNA Analyzer', 'A2_SimpleNavigator v1.0', 800),
       ('A8_Algorithmic trading', 'A2_SimpleNavigator v1.0', 800);

INSERT INTO Checks (ID, Peer, Task, "Date")
VALUES (1, 'amatilda', 'C2_SimpleBashUtils', '2023-05-06'),
       (2, 'kraios', 'C2_SimpleBashUtils', '2023-05-27'),
       (3, 'obamab', 'C3_s21_string+', '2023-06-01'),
       (4, 'gurhnick', 'C3_s21_string+', '2023-06-02'),
       (5, 'obamab', 'DO1_Linux', '2023-06-06'),
       (6, 'amatilda', 'C3_s21_string+', '2023-06-11'),
       (7, 'kraios', 'DO1_Linux', '2023-06-11'),
       (8, 'gurhnick', 'DO1_Linux', '2023-06-11'),
       (9, 'jasshugh', 'DO2_Linux Network', '2023-07-04'),
       (10, 'kraios', 'DO2_Linux Network', '2023-07-12'),
       (11, 'jasshugh', 'C6_s21_matrix', '2023-07-15'),
       (12, 'amatilda', 'C4_s21_math', '2023-07-18'),
       (13, 'obamab', 'DO2_Linux Network', '2023-07-21'),
       (14, 'gurhnick', 'DO2_Linux Network', '2023-07-21'),
       (15, 'kraios', 'DO3_LinuxMonitoring v1.0', '2023-07-21'),
       (16, 'obamab', 'DO3_LinuxMonitoring v1.0', '2023-07-25'),
       (17, 'amatilda', 'C5_s21_decimal', '2023-07-30'),
       (18, 'obamab', 'DO4_LinuxMonitoring v2.0', '2023-08-04'),
       (19, 'kraios', 'DO4_LinuxMonitoring v2.0', '2023-08-04'),
       (20, 'gurhnick', 'C4_s21_math', '2023-08-04'),
       (21, 'jasshugh', 'C7_SmartCalc_v1.0', '2023-08-29'),
       (22, 'amatilda', 'C6_s21_matrix', '2023-08-31'),
       (23, 'obamab', 'DO5_SimpleDocker', '2023-09-07'),
       (24, 'obamab', 'DO6_CICD', '2023-09-12'),
       (25, 'amatilda', 'C7_SmartCalc_v1.0', '2023-10-03'),
       (26, 'amatilda', 'C8_3DViewer_v1.0', '2023-10-29'),
       (27, 'kraios', 'DO5_SimpleDocker', '2023-10-29'),
       (28, 'jasshugh', 'C8_3DViewer_v1.0', '2023-10-29'),
       (29, 'amatilda', 'DO1_Linux', '2023-10-29'),
       (30, 'obamab', 'C4_s21_math', '2023-10-30');

INSERT INTO P2P (ID, "Check", CheckingPeer, "State", "Time")
VALUES (1, 1, 'obamab', 'Start', '6:43:00'),
       (2, 1, 'obamab', 'Success', '6:29:00'),
       (3, 2, 'amatilda', 'Start', '13:19:00'),
       (4, 2, 'amatilda', 'Success', '13:46:00'),
       (5, 3, 'amatilda', 'Start', '17:18:00'),
       (6, 3, 'amatilda', 'Failure', '17:32:00'),
       (7, 4, 'jasshugh', 'Start', '11:35:00'),
       (8, 4, 'jasshugh', 'Success', '12:07:00'),
       (9, 5, 'kraios', 'Start', '12:20:00'),
       (10, 5, 'kraios', 'Success', '12:31:00'),
       (11, 6, 'jasshugh', 'Start', '8:18:00'),
       (12, 6, 'jasshugh', 'Success', '8:47:00'),
       (13, 7, 'gurhnick', 'Start', '15:03:00'),
       (14, 7, 'gurhnick', 'Success', '15:16:00'),
       (15, 8, 'kraios', 'Start', '16:26:00'),
       (16, 8, 'kraios', 'Success', '16:56:00'),
       (17, 9, 'obamab', 'Start', '13:49:00'),
       (18, 9, 'obamab', 'Success', '14:11:00'),
       (19, 10, 'obamab', 'Start', '16:30:00'),
       (20, 10, 'obamab', 'Success', '16:57:00'),
       (21, 11, 'gurhnick', 'Start', '20:35:00'),
       (22, 11, 'gurhnick', 'Success', '20:47:00'),
       (23, 12, 'jasshugh', 'Start', '19:35:00'),
       (24, 12, 'jasshugh', 'Success', '19:52:00'),
       (25, 13, 'jasshugh', 'Start', '10:20:00'),
       (26, 13, 'jasshugh', 'Success', '10:31:00'),
       (27, 14, 'amatilda', 'Start', '17:30:00'),
       (28, 14, 'amatilda', 'Success', '17:50:00'),
       (29, 15, 'obamab', 'Start', '14:18:00'),
       (30, 15, 'obamab', 'Success', '14:39:00'),
       (31, 16, 'kraios', 'Start', '6:18:00'),
       (32, 16, 'kraios', 'Success', '6:29:00'),
       (33, 17, 'gurhnick', 'Start', '15:35:00'),
       (34, 17, 'gurhnick', 'Success', '16:07:00'),
       (35, 18, 'jasshugh', 'Start', '12:33:00'),
       (36, 18, 'jasshugh', 'Success', '13:06:00'),
       (37, 19, 'obamab', 'Start', '9:33:00'),
       (38, 19, 'obamab', 'Success', '9:54:00'),
       (39, 20, 'jasshugh', 'Start', '17:18:00'),
       (40, 20, 'jasshugh', 'Failure', '17:32:00'),
       (41, 21, 'amatilda', 'Start', '12:20:00'),
       (42, 21, 'amatilda', 'Success', '12:31:00'),
       (43, 22, 'gurhnick', 'Start', '12:05:00'),
       (44, 22, 'gurhnick', 'Success', '12:34:00'),
       (45, 23, 'kraios', 'Start', '15:00:00'),
       (46, 23, 'kraios', 'Success', '15:40:00'),
       (47, 24, 'jasshugh', 'Start', '17:39:00'),
       (48, 24, 'jasshugh', 'Success', '18:29:00'),
       (49, 25, 'obamab', 'Start', '8:35:00'),
       (50, 25, 'obamab', 'Success', '9:27:00'),
       (51, 26, 'gurhnick', 'Start', '21:26:00'),
       (52, 26, 'gurhnick', 'Success', '22:21:00');

INSERT INTO Verter (ID, "Check", "State", "Time")
VALUES (1, 1, 'Start', '6:30:00'),
       (2, 1, 'Success', '6:31:00'),
       (3, 2, 'Start', '13:47:00'),
       (4, 2, 'Failure', '13:48:00'),
       (5, 4, 'Start', '12:08:00'),
       (6, 4, 'Success', '12:09:00'),
       (7, 6, 'Start', '8:48:00'),
       (8, 6, 'Success', '8:49:00'),
       (9, 11, 'Start', '20:48:00'),
       (10, 11, 'Failure', '20:49:00'),
       (11, 12, 'Start', '19:53:00'),
       (12, 12, 'Success', '19:54:00'),
       (13, 17, 'Start', '16:08:00'),
       (14, 17, 'Success', '16:09:00'),
       (15, 22, 'Start', '12:35:00'),
       (16, 22, 'Success', '12:36:00'),
       (17, 27, 'Start', '12:38:00'),
       (18, 28, 'Start', '12:39:00'),
       (19, 29, 'Start', '13:00:00'),
       (20, 30, 'Start', '13:01:00'),
       (21, 27, 'Success', '13:18:00'),
       (22, 28, 'Success', '13:19:00'),
       (23, 29, 'Success', '13:42:00'),
       (24, 30, 'Success', '01:00:00');

INSERT INTO TransferredPoints (ID, CheckingPeer, CheckedPeer, PointsAmount)
VALUES (17, 'mckockiner', 'amatilda', 3),
       (12, 'amatilda', 'updogwhats', 3),
       (10, 'amatilda', 'gurhnick', 1),
       (18, 'amatilda', 'mckockiner', 1),
       (8, 'amatilda', 'obamab', 1),
       (16, 'amatilda', 'jasshugh', 1),
       (5, 'ennisp', 'amatilda', 3),
       (15, 'jasshugh', 'amatilda', 1),
       (13, 'lestermoe', 'amatilda', 1),
       (9, 'gurhnick', 'amatilda', 1),
       (7, 'obamab', 'amatilda', 1),
       (11, 'updogwhats', 'amatilda', 1),
       (14, 'amatilda', 'lestermoe', 3),
       (1, 'kraios', 'amatilda', 2),
       (4, 'amatilda', 'jbelinda', 2),
       (3, 'jbelinda', 'amatilda', 1),
       (2, 'amatilda', 'kraios', 1),
       (6, 'amatilda', 'ennisp', 2);

INSERT INTO Friends (ID, Peer1, Peer2)
VALUES (1, 'amatilda', 'kraios'),
       (2, 'amatilda', 'jbelinda'),
       (3, 'amatilda', 'ennisp'),
       (4, 'amatilda', 'obamab'),
       (5, 'amatilda', 'gurhnick'),
       (6, 'amatilda', 'updogwhats'),
       (7, 'amatilda', 'lestermoe'),
       (8, 'amatilda', 'jasshugh'),
       (9, 'amatilda', 'mckockiner'),
       (10, 'kraios', 'jbelinda'),
       (11, 'kraios', 'ennisp'),
       (12, 'kraios', 'obamab'),
       (13, 'kraios', 'gurhnick'),
       (14, 'kraios', 'updogwhats'),
       (15, 'kraios','lestermoe'),
       (16, 'kraios', 'jasshugh'),
       (17, 'kraios', 'mckockiner'),
       (18, 'jbelinda', 'ennisp'),
       (19, 'jbelinda', 'obamab'),
       (20, 'jbelinda', 'gurhnick'),
       (21, 'jbelinda', 'updogwhats'),
       (22, 'jbelinda', 'lestermoe'),
       (23, 'jbelinda', 'jasshugh'),
       (24, 'jbelinda', 'mckockiner'),
       (25, 'ennisp', 'obamab'),
       (26, 'ennisp', 'gurhnick'),
       (27, 'ennisp', 'updogwhats'),
       (28, 'ennisp', 'lestermoe'),
       (29, 'ennisp', 'jasshugh'),
       (30, 'ennisp', 'mckockiner'),
       (31, 'obamab', 'gurhnick'),
       (32, 'obamab', 'updogwhats'),
       (33, 'obamab', 'lestermoe'),
       (34, 'obamab', 'jasshugh'),
       (35, 'obamab', 'mckockiner'),
       (36, 'gurhnick', 'updogwhats'),
       (37, 'gurhnick', 'lestermoe'),
       (38, 'gurhnick', 'jasshugh'),
       (39, 'gurhnick', 'mckockiner'),
       (40, 'updogwhats', 'lestermoe'),
       (41, 'updogwhats', 'jasshugh'),
       (42, 'updogwhats', 'mckockiner'),
       (43, 'lestermoe', 'jasshugh'),
       (44, 'lestermoe', 'mckockiner'),
       (45, 'jasshugh', 'mckockiner');

INSERT INTO Recommendations (ID, Peer, RecommendedPeer)
VALUES (1, 'amatilda', 'kraios'),
       (2, 'amatilda', 'jbelinda'),
       (3, 'amatilda', 'ennisp'),
       (4, 'amatilda', 'obamab'),
       (5, 'amatilda', 'gurhnick'),
       (6, 'amatilda', 'updogwhats'),
       (7, 'amatilda', 'lestermoe'),
       (8, 'amatilda', 'jasshugh'),
       (9, 'amatilda', 'mckockiner'),
       (10, 'kraios', 'updogwhats'),
       (11, 'kraios', 'lestermoe'),
       (12, 'kraios', 'jasshugh'),
       (13, 'jbelinda', 'ennisp'),
       (14, 'jbelinda', 'obamab'),
       (15, 'jbelinda', 'mckockiner'),
       (16, 'ennisp', 'obamab'),
       (17, 'ennisp', 'mckockiner'),
       (18, 'obamab', 'gurhnick'),
       (19, 'obamab', 'mckockiner'),
       (20, 'gurhnick', 'updogwhats'),
       (21, 'gurhnick', 'mckockiner'),
       (22, 'updogwhats', 'lestermoe'),
       (23, 'lestermoe', 'jasshugh'),
       (24, 'lestermoe', 'mckockiner'),
       (25, 'jasshugh', 'mckockiner');

INSERT INTO XP (ID, "Check", XPAmount)
VALUES (1, 1, 250),
       (2, 4, 400),
       (3, 5, 300),
       (4, 6, 450),
       (5, 7, 270),
       (6, 8, 285),
       (7, 9, 250),
       (8, 10, 240),
       (9, 12, 300),
       (10, 13, 250),
       (11, 14, 250),
       (12, 15, 300),
       (13, 16, 350),
       (14, 17, 330),
       (15, 18, 340),
       (16, 19, 350),
       (17, 21, 500),
       (18, 22, 200),
       (19, 23, 280),
       (20, 24, 300),
       (21, 25, 500),
       (22, 26, 700),
       (23, 27, 300),
       (24, 28, 730),
       (25, 29, 300),
       (26, 30, 300);

INSERT INTO TimeTracking (ID, Peer, "Date", "Time", "State")
VALUES (1, 'amatilda', '2023-09-09', '12:29', 1),
       (2, 'amatilda', '2023-09-09', '13:02', 2),
       (3, 'amatilda', '2023-09-09', '14:32', 1),
       (4, 'amatilda', '2023-09-09', '18:28', 2),
       (5, 'obamab', '2023-05-31', '9:18', 1),
       (6, 'obamab', '2023-05-31', '19:18', 2);
